No Restriction,Partial Restriction,High Alert
99.99999999999926,87.99999999999926,84.99999999999926
83.99999999999926,99.99999999999926,91.99999999999926
79.99999999999926,86.99999999999926,99.99999999999926
